Central,Abura Asebu Kwamankese,ABAKRAMPA EAST,COMM.NUR. OKWAADUBRONMU
Central,Abura Asebu Kwamankese,ABAKRAMPA WEST,COMM.CENTER ABAKRAMPA
Central,Abura Asebu Kwamankese,ABANANYIM,CPB NR EFUA KAEDABIS HS MOREE (A)
Central,Abura Asebu Kwamankese,ABOASE/OBOHEN,CATH. CHAPEL ABOASE
Central,Abura Asebu Kwamankese,AKROFUL ASEBU,CATH .PRI. SCH. AKROFUL
Central,Abura Asebu Kwamankese,AMOSIMA,D/A J H S AMOSIMA
Central,Abura Asebu Kwamankese,APEWOSIKA,METH. PRI. SCH. APEWOSIKA
Central,Abura Asebu Kwamankese,ASEBU AMANTSINDO,D/A PRI.SCH.ASEBU
Central,Abura Asebu Kwamankese,ASUANTSI,CATH.CHAPEL ASUANTSI
Central,Abura Asebu Kwamankese,AYELDU,CATH.J H S AYELDU
Central,Abura Asebu Kwamankese,BATANYA,D/A PRI.SCH. BATANYA
Central,Abura Asebu Kwamankese,BENTSIR,METH.CHURCH MOREE (A)
Central,Abura Asebu Kwamankese,COUNCIL DANHO MOREE,ZION J H S BRAFOYAW (B)
Central,Abura Asebu Kwamankese,EDUMFA,A M E ZION SCH.EDUMFA (A)
Central,Abura Asebu Kwamankese,GYABANKROM,D/C J H S GYANBANKROM
Central,Abura Asebu Kwamankese,KORADO,METH. PRI. SCH. KURADO
Central,Abura Asebu Kwamankese,KOTUKOTUE,APOSTOLIC CHURCH KOTUKOTUE
Central,Abura Asebu Kwamankese,KWADOEGYA,D/A PRI. SCH. KWADOEGYA
Central,Abura Asebu Kwamankese,KWAMAN,METH. J H S KWAMAN
Central,Abura Asebu Kwamankese,MPESIDUAZE,METH. PRI. SCH. MPESIDUAZE
Central,Abura Asebu Kwamankese,NEW EBU,METH.PRIM.SCH.NEW EBU
Central,Abura Asebu Kwamankese,NYAMEDOM,SCM COCOA SHED NYAMEDOM
Central,Abura Asebu Kwamankese,NYANFUEKU EKROFUL,CATH.PRI.SCH.NYANFUEKU EKROFUL
Central,Abura Asebu Kwamankese,OBRONKYEW,CATH. PRI. SCH. ABURADUNKWA
Central,Abura Asebu Kwamankese,ODONASE,CATH. CHAPEL NEW ODONASE
Central,Abura Asebu Kwamankese,OLD COURT HOUSE MOREE,D/A J H S MOREE
Central,Abura Asebu Kwamankese,OLD EBU,D/A PRI. OLD EBU
Central,Abura Asebu Kwamankese,OMANDO MOREE,CPB EGUADADAWMU
Central,Abura Asebu Kwamankese,PAPAGYA,D/C PRI.SCH.PAPAGYA
Central,Abura Asebu Kwamankese,TUAKWA,D/C PRI.SCH.ABURA TUAKWA
Central,Agona East,AHOROSO/ODUMASE,MASTER AMUSA SCH. AGONA KWANYAKU
Central,Agona East,AMANFUL NO.1/ MANSOFO,"SCMB COCOA SHED, AMANFUL NO.1"
Central,Agona East,ASAFO,THE PALACE AGONA ASAFO
Central,Agona East,BONTRASE,D/C JSS AKRABONG
Central,Agona East,BROFOYEDUR/ADWENPAYE,PRESBY PRIMARY SCH. AGONA NSABA
Central,Agona East,DUABONE,"SCMB COCOA SHED, DUABONE"
Central,Agona East,DUATU,ADC PRIM SCH. DUATU
Central,Agona East,FANTE BAWJIASE,"SCMB COCOA SHED, FANTE BAWJIASE"
Central,Agona East,FAWOMANYE,D/C PRIM SCH. FAWOMANYE
Central,Agona East,KOTOKOLI/ KWANSAKROM,ADC PRIM SCH. KWANSAKROM (A)
Central,Agona East,MANKRONG JUNCTION,SCMB COCOA SHED MANKRONG JUNCTION
Central,Agona East,MANKRONG/ AKWAKWAA,SCMB COCOA SHED MANKRONG
Central,Agona East,NAMANWORA,SCMB COCOA SHED NAMANWORA
Central,Agona East,NINTA/ OFOASE,"SCMB COCOA SHED, NINTA"
Central,Agona East,NKUBEASE,ADC ‘B’ JSS AGONA DUAKWA
Central,Agona East,OFOASE/ ZONGO,METH. PRIM. SCH. AGONA KWANYAKU
Central,Agona East,SALEM,POST OFFICE AGONA NSABA
Central,Agona East,SETH OKAI,ADA PRIMARY SCH. SETH OKAI
Central,Agona East,TAWORA,"ADC PRIMARY, NANTIFA"
Central,Agona East,ZONGO/ ANKOBEA,SCMB COCOA SHED NO.1 JUNCTION DUAKWA
Central,Agona West,ABODOM ANAAFO/ADANSI,ANGLICAN PRIM ABODOM
Central,Agona West,ABODOM ETSIFI,MDCC ABODOM
Central,Agona West,ABORA,PALACE NYAKROM
Central,Agona West,AHOMADONKO,COCOA SHED ANOMADONKO
Central,Agona West,ANKYEASE,FARMERS COUNCIL BUILDING SWEDRU
Central,Agona West,APAA/OKURODO,ANGLICAN CHURCH NYAKROM
Central,Agona West,BIBIANIHA,CIRCUIT COURT SWEDRU (A)
Central,Agona West,DWENHO,AME ZION CHURCH SWEDRU
Central,Agona West,EDUKROM,COCOA SHED EDUKROM
Central,Agona West,KUKURANTUMI,COCOA SHED KUKURANTUMI
Central,Agona West,KWAMAN,CPB KWAMAN
Central,Agona West,LOWER BOBIKUMA,COCOA SHED LOWER BOBIKUMA
Central,Agona West,MAHODWE,PALACE MAHODWE SWEDRU
Central,Agona West,NANA ADASEMASE,PRESBY PRIM SCH NYAKROM
Central,Agona West,NKUBEN/TARPROW,HAPPY HOME SCH SWEDRU
Central,Agona West,NKUM,CATH. PRIM. NKUM
Central,Agona West,NSAWAM/MANTEMANKABI,TOWN HALL SWEDRU
Central,Agona West,NSUSOSOSO,SALV. ARMY PRIM SCH SWEDRU (A)
Central,Agona West,OLD ZONGO,MOSQUE OLD ZONGO SWEDRU
Central,Agona West,OTABILKROM,"ADA ‘A’ JHS OTABILKROM, SWEDRU"
Central,Agona West,OTSINKORANG,COCOA SHED OTSINKORANG
Central,Agona West,OWANE/DESUENYIM,CATH PRIM SCH SWEDRU
Central,Agona West,SABON ZONGO/NKUBEASE,PRESBY JHS ‘B’ SWEDRU
Central,Agona West,UPPER BOBIKUMA EAST,PRESBY CHURCH UPPER BOBIKUMA
Central,Agona West,UPPER BOBIKUMA WEST,COCOA SHED UPPER BOBIKUMA
Central,Agona West,WAWASE,ADA PRIM SCH WAWASE(A)
Central,Agona West,YABEM NORTH,CHRIST THE KING PREP SCH SWEDRU(A)
Central,Agona West,YABEM SOUTH,31STDWM SEWING CENTRE SWEDRU
Central,Agona West,YAREWA ZONGO,ISLAMIC SCH SWEDRU
Central,Agona West,ZONGO ODUMASE,MOSQUE NYAKROM
Central,Ajumako Enyan Esiam,ABEKA/BEWORA/EKUKROM,D/A PRY SCH. ABEKA
Central,Ajumako Enyan Esiam,AHENBRONMU AJUMAKO,CATHOLIC PRY SCH. AJUMAKO
Central,Ajumako Enyan Esiam,AHOMAKORAMBUA,D/A PRY SCH. FAWOMANYE
Central,Ajumako Enyan Esiam,AMPIA-AJUMAKO,D/A PRIM. AMPIA-AJUMAKO
Central,Ajumako Enyan Esiam,ANKUKROM,D/A PRIM. SCH. ANKUKROM
Central,Ajumako Enyan Esiam,ANYINASU,SCMB COCOA SHED ANYINASU
Central,Ajumako Enyan Esiam,ASEMPANAYE / SALEM,PRESBY JHS KOKOBEN
Central,Ajumako Enyan Esiam,ASSASAN,CATHOLIC PRIM. ASSASAN
Central,Ajumako Enyan Esiam,ATWEREBOANDA,D/A PRIM. SCH. ATWEREBOANDA
Central,Ajumako Enyan Esiam,BA / AMIA,METHODIST PRY SCH. BA
Central,Ajumako Enyan Esiam,BEKOSO / OBRAWOGUM,D/A PRY SCH. BEKOSO
Central,Ajumako Enyan Esiam,BROFO,OLD MARKET CENTRE ABAASA
Central,Ajumako Enyan Esiam,BROFOYEDUR/ BABINSO,D/A PRY SCH. BROFOYEDUR
Central,Ajumako Enyan Esiam,DENKYIRA NORTH,METHODIST CHURCH TWAFO ENYAN DENKYIRA
Central,Ajumako Enyan Esiam,DENKYIRA SOUTH,D/A PRY SCH. ENYAN DENKYIRA
Central,Ajumako Enyan Esiam,DWENASE / ODUMASE,METHODIST PRY SCH. BISEASE
Central,Ajumako Enyan Esiam,EKUTUASE AJUMAKO,CATHOLIC CHURCH AJUMAKO
Central,Ajumako Enyan Esiam,EKWAMASE,METHODIST PRY SCH. EKWAMASE
Central,Ajumako Enyan Esiam,ENTUMBIL LOWER,"CATHOLIC CHURCH, ENTUMBIL"
Central,Ajumako Enyan Esiam,ENTUMBIL UPPER,CATHOLIC JHS ENTUMBIL
Central,Ajumako Enyan Esiam,ENYAN APAA,COMMUNITY CENTRE ENYAN APAA
Central,Ajumako Enyan Esiam,ENYANMAIM,AHMADDIYA SCHOOL ENYANMAIM
Central,Ajumako Enyan Esiam,ESHIEM / TWIEKUKROM,METHODIST JHS MANDO
Central,Ajumako Enyan Esiam,ESHIEM,METHODIST CHURCH ESHIEM
Central,Ajumako Enyan Esiam,ESIAM NKODWO,AHMADIYA SCH. ESIAM
Central,Ajumako Enyan Esiam,ESSAMAN,METH. PRIM. SCH. ESSAMAN
Central,Ajumako Enyan Esiam,ETSIFI BISEASE,CPB SASAOUDO BISEASE
Central,Ajumako Enyan Esiam,FAWOMANYE,METHODIST JHS ETSI FAWOMANYE
Central,Ajumako Enyan Esiam,KAWANOPAADO KOKOBEN,PRESBY PRY SCH. KOKOBEN
Central,Ajumako Enyan Esiam,KROMAIM,METHODIST CHURCH KROMAIM
Central,Ajumako Enyan Esiam,KWANYARKO,D/A PRY SCH. KWANYARKO
Central,Ajumako Enyan Esiam,MANDO TAYIDO,METHODIST PRY SCH. MANDO
Central,Ajumako Enyan Esiam,NKODWO,COMMUNITY CENTRE NKODWO
Central,Ajumako Enyan Esiam,OBONTSER,COMMUNITY CENTRE OBONTSER
Central,Ajumako Enyan Esiam,OCHISO NORTH,AMALGAMATED JHS OCHISO
Central,Ajumako Enyan Esiam,OCHISO SOUTH,CATHOLIC PRY SCH. OCHISO 'A'
Central,Ajumako Enyan Esiam,ODUMABENA,CATHOLIC PRY SCH. BISEASE
Central,Ajumako Enyan Esiam,ODUMASE / BANTOMA,METHODIST CHURCH BANTOMA
Central,Ajumako Enyan Esiam,ONWANE,COMMUNITY CENTRE ONWANE
Central,Ajumako Enyan Esiam,ONYATSIADZE,CATHOLIC JHS BISEASE
Central,Ajumako Enyan Esiam,OPANTSIL,POST OFFICE ABAASA
Central,Ajumako Enyan Esiam,OPEPEASE,METHODIST CHURCH KWESI GYAN NO. 1
Central,Ajumako Enyan Esiam,OSEDZI,METHODIST JHS OSEDZI
Central,Ajumako Enyan Esiam,OSENASE / BANTOMA,ANGLICAN PRY SCH. BISEASE
Central,Ajumako Enyan Esiam,SONKWAA,D/A PRIM. SCH. SUNKWAA
Central,Ajumako Enyan Esiam,TECHIMAN,CATHOLIC JHS TECHIMAN
Central,Ajumako Enyan Esiam,TWAFO,SCMB COCOA SHED ESIAM
Central,Asikuma Odoben Brakwa,ABRODZEASE/ WURAFUM,METERNITY CLINIC BRAKWA
Central,Asikuma Odoben Brakwa,AFOFOSU,PRESBY PRIM SCH AFOFOSU
Central,Asikuma Odoben Brakwa,AHENBRONMU/ ESIWENIM,AHMD. JHS SCH. BEDUM
Central,Asikuma Odoben Brakwa,AKONFODZI MBRAA,CATH GIRLS PRIM SCH
Central,Asikuma Odoben Brakwa,AMANFOPONG,METH. PRY. SCH. AMANFOPONG
Central,Asikuma Odoben Brakwa,AMOANDA,CATH. PRY SCH. AMOANDA
Central,Asikuma Odoben Brakwa,AMPABAM/ BONDAKROM,PRESBY PRIM SCH BRAKWAH
Central,Asikuma Odoben Brakwa,ANAAFO/ZONGO,SCMB SHED ODOBEN
Central,Asikuma Odoben Brakwa,ANKOBEA,METH PRIM SCH BRAKWA (A)
Central,Asikuma Odoben Brakwa,ANWIAM,D/C PRY SCH. AWUHIM
Central,Asikuma Odoben Brakwa,APAJA-AHENEMA,PRESBY PRIM SCH ASIKUMA
Central,Asikuma Odoben Brakwa,APIMANIM/ ABROMAIN,CATH. JHS BEDUM
Central,Asikuma Odoben Brakwa,ASENTEM,METH. PRY SCH. ASENTEM
Central,Asikuma Odoben Brakwa,AYIPEY,CATH. PRY. SCH. AYIPEY
Central,Asikuma Odoben Brakwa,BARKO/ ABUAKUWA,D/A PRY SCH. BAAKO
Central,Asikuma Odoben Brakwa,BENIN ANAAFO,CATH. PRY SCH. BENIN
Central,Asikuma Odoben Brakwa,BENIN KOKWADO,CATH. JHS. BENIN
Central,Asikuma Odoben Brakwa,EKUMFI,METH PRIM SCH ASIKUMA (A)
Central,Asikuma Odoben Brakwa,FOSUANSA,CATH. PRY. FOSUANSA
Central,Asikuma Odoben Brakwa,JAMERA,METH. JHS JAMERA (A)
Central,Asikuma Odoben Brakwa,KOKOSO,CATH. PRY. SCH. KOKOSO
Central,Asikuma Odoben Brakwa,KUNTANASE,CATH. PRY. SCH. KUNTANASE (A)
Central,Asikuma Odoben Brakwa,KWANAN/ OBOSOMASE,D/A PRY SCH. KWANAN
Central,Asikuma Odoben Brakwa,MMOUM/ NEWTOWN,CATH. J.H.S ODOBEN
Central,Asikuma Odoben Brakwa,MPANTOASE/ KOKOADO,METH PRIM SCH ODOBEN
Central,Asikuma Odoben Brakwa,NANKESE,D/A PRIM SCH NANKESE
Central,Asikuma Odoben Brakwa,NKWANTA,CPB CHIEF PALACE ENYINABREM
Central,Asikuma Odoben Brakwa,NWOMASO,METH. JHS NWOMASO
Central,Asikuma Odoben Brakwa,OHENEBONOSO/ OTSEMAFOFKROM,SCMB SHED OHENEBROSO
Central,Asikuma Odoben Brakwa,SUPONSO/ SOWUTUOM,D/A PRY SCH. SUPENSO
Central,Asikuma Odoben Brakwa,WASABIAMPA/ ATTU-DAWDA,D/A PRY SCH. WASABIAMPA
Central,Assin North,ABESEWA,POLICE STATION. FOSO (A)
Central,Assin North,ACHIANO,COCOA SHED. ACHIANO
Central,Assin North,AFFUTUAKWA,D/C PRIM SCH. RAILWAY STATION FOSO (A)
Central,Assin North,AKONFODI,D/A PRIM SCHOOL (1). AKONFODI
Central,Assin North,AKROFUOM/ TECHIMAN,METH. PRIM SCHOOL. FOSO
Central,Assin North,AKROPONG,PRESBY PRIM SCHOOL. AKROPONG
Central,Assin North,ANHWEASU,D/A PRIM SCHOOL(1) ANHWEASU
Central,Assin North,ASAMANG,D/A PRIM SCHOOL. ASAMANG
Central,Assin North,ASEMPANAYE/ DANSAME,D/C PRIM SCHOOL. DANSAME
Central,Assin North,ATONSU,D/C PRIM SCHOOL. ATONSU (A)
Central,Assin North,AWISEM/ OBRAYEKO,D/A PRIM SCHOOL. AWISEM
Central,Assin North,AWORABO/ ASIBRIM,D/A PRIM SCHOOL. AWORABO
Central,Assin North,BASOFI NINGO/ GANGAN,D/A PRIM SCHOOL. BASOFI NINGO
Central,Assin North,BEDIADUA,D/A PRIM SCHOOL. BEDIADUA
Central,Assin North,BREKU/ BRASIAKO,D/A JSS. BREKU (A)
Central,Assin North,DADIESOABA,D/A PRIM SCHOOL. BREKU
Central,Assin North,DANTWE,BAMBOO FACTORY. FOSO (A)
Central,Assin North,DOMINASE/ NDUASO,METH PRIM SCHOOL(1) BREKU
Central,Assin North,DOMPIM/ PUMPSIDE,METH PRIM SCHOOL. DOMPIM (A)
Central,Assin North,DWAABRONOSO,CENTENARY HALL. FOSO
Central,Assin North,ENDWA,CATH PRIM SCHOOL. ENDWA (A)
Central,Assin North,GHANA CAMP/ ATINTAN,D/A PRIM SCHOOL. GHANA CAMP
Central,Assin North,JUASO,D/C PRIM SCHOOL(1). JUASO (A)
Central,Assin North,KUSHEA,D/C JSS. KUSHEA
Central,Assin North,NINKYISO,D/A PRIM SCHOOL. NINKYISO
Central,Assin North,NYANKOMASE/ BROFOYEDUR,METH. CHURCH. NYANKOMASE (A)
Central,Assin North,ODUMASE,D/A PRIM SCHOOL. ODUMASE
Central,Assin North,PRASO,D/C PRIM SCHOOL. PRASO
Central,Assin North,RAILWAY STATION/ FIRE SERVICE,FIRE SERVICE. FOSO (A)
Central,Assin North,SIENKYEM,D/A PRIM SCHOOL. SIENKYEM
Central,Assin North,TRAFO,OYESS FOSO (AKWAPIM)
Central,Assin North,WAWASE,D/A PRIM SCHOOL. AFENASE
Central,Assin North,WURAKESE,METH PRIM SCHOOL. WURAKESE
Central,Assin South,ADADIENTAM,ADADIENTAM PRIM SCH
Central,Assin South,ADIEMBRA,D/A PRIM SCH. ADIEMBRA
Central,Assin South,ADUBIASE,D/A PRIM. ADUBIASE
Central,Assin South,AKROFUOM,D/A PRIM AKROFUM
Central,Assin South,AMOABENG,D/A PRIM SCH. AMOABENG
Central,Assin South,ANDOE,D/A PRIM “A” SCH ANDOE (A)
Central,Assin South,ANYINABRIM,CATH. PRIM AYINABRIM
Central,Assin South,APPIAKROM/ BEYEDEN,D/A PRIM APPIAKROM
Central,Assin South,ASAMANKESE,AHM. PRIM SCH ASAMANKESE
Central,Assin South,AWURO CAMP,D/A PRIM AWURO CAMP
Central,Assin South,BANKYEASE,D/A PRIM SCH BANKYEASE
Central,Assin South,BOSOMADWE,CATH. PRIM SCH. BOSOMADWE
Central,Assin South,DAWOMAKO/ BESEASE,D/A PRIM SCH BESEASE
Central,Assin South,HOMAHO,D/A PRIM HOMAHO
Central,Assin South,JAKAI,D/A PRIM SCH JAKAI
Central,Assin South,KRUWA,D/A PRIM SCH. KRUWA
Central,Assin South,MANSO,D/A JSS MANSO
Central,Assin South,N/AHENKRO,OLD COURT AHENKRO
Central,Assin South,NGRESI/ NKRAN,METH. CHURCH
Central,Assin South,NSUAEM/ DARMAN,MDCC NSUAEM
Central,Assin South,NSUTA,NSUTA SNR HIGH SCH
Central,Assin South,OCHISO,D/A JSS OCHISO
Central,Assin South,ONGWA,D/A PRIM SCH. ONGWA
Central,Assin South,SIBINSO,CATH. JSS SIBINSO
Central,Assin South,TUMFOKOR,D/A PRIM SCH TUMFOKOR
Central,Awutu Senya East,ADAM NANA,ADAM NANA CLINIC KASOA (A)
Central,Awutu Senya East,AKWELEY,ANGLICAN PRIM SCH AKWELEY (A)
Central,Awutu Senya East,AMERICAN TOWN,BISHOP MAC CALLA SCH KASOA (A)
Central,Awutu Senya East,IRON CITY-DOKUTSEKOPE,MEETING PLACE IRON CITY KASOA (A)
Central,Awutu Senya East,JOE MENDS-KPOMETEY,NEW APOSTOLIC CHURCH (A)
Central,Awutu Senya East,KAEMEBRE-DOWNTOWN,DATUS PREP SCH KASOA (A)
Central,Awutu Senya East,NEWTOWN,BANAT JHS NEWTOWN
Central,Awutu Senya East,ODUPONGKPEHE-ZONGO,DA PRIM SCH ODUPONGKPEHE (A)
Central,Awutu Senya East,OFAAKOR,DA PRIM SCH OFAAKOR (A)
Central,Awutu Senya East,OPEIKUMA-KRISPOL CITY,PSALMS OF VICTORY ACADEMY (A)
Central,Awutu Senya East,OTAMENS,MARVELOUS INT SCH (A)
Central,Awutu Senya East,WALANTU-CP TOP HILL,POLICE STA ODUPONGKPEHE (A)
Central,Awutu Senya East,WINDY HILL-BIAKOYE,LITTLE ROCK PREP SCH KASOA (A)
Central,Awutu Senya,ABERFUL-SAMSAMSO,DA PRIM SCH ABERFUL
Central,Awutu Senya,ADAWUKWAA-OSAE KRODUA,CATH PRIM SCH ADAWUKWAA
Central,Awutu Senya,ALATA - EGYAA,METH CHURCH EGYAA SENYA
Central,Awutu Senya,ANOMANSAH,FORT GOOD HOPE ANOMANSAH
Central,Awutu Senya,AWUTU-MANKESSIM,CATH PRIM SCH AWUTU-MANKESSIM (A)
Central,Awutu Senya,AWUTU,DURBAR GROUNDS TAYANO AWUTU (A)
Central,Awutu Senya,AYENSUAKO,CATH PRIM SCH AYENSUAKO
Central,Awutu Senya,BAWJIASE CENTRAL,DA PRIM SCH BAWJIASE
Central,Awutu Senya,BAWJIASE NEWTOWN,DA JHS ‘A’ BAWJIASE (A)
Central,Awutu Senya,BAWJIASE-ZONGO,SDA PRIM SCH BAWJIASE (A)
Central,Awutu Senya,FIANKO,METH PRIM SCH FIANKO
Central,Awutu Senya,JEI-KRODUA-PAPAASE,ANGLICAN PRIM SCH JEI-KRODUA
Central,Awutu Senya,KOJO AKWA(MFAAFU),METH CHURCH MFAAFU
Central,Awutu Senya,KROBONSHIE-BONSUOKO,DA PRIM SCH BONSUOKO SENYA
Central,Awutu Senya,KWEKU ANSAH - AHINTIA,DA PRIM SCH AHINTIA (A)
Central,Awutu Senya,KYENKYENSO-KORLE-BU,LION HSE KORLE- BU SENYA
Central,Awutu Senya,MFADWEN-POBEE-AYIRESU,CHURCH OF LIGHT AKUBIRIFA “A” (A)
Central,Awutu Senya,NDADITO-ANOCHIE,CATH PRIM SCH NDADITO SENYA
Central,Awutu Senya,NYARKOKWAA,DA PRIM SCH NYARKOKWAA
Central,Awutu Senya,OBODAM-OBAAKWAA,COUNCIL OFFICES OBAAKWAA SENYA
Central,Awutu Senya,OBRACHIRE,DA JHS OBRACHIRE (A)
Central,Awutu Senya,ODOMASE - NKWANTA,OBUASI HSE ODUMSE-NKWANTA SENYA
Central,Awutu Senya,OFADAA-OFASO,METH PRIM SCH OFADAA
Central,Awutu Senya,SIMPAPEBISO,A M E ZION CHURCH SIMPAPEBISO SENYA (A)
Central,Cape Coast,3RDRIDGE/ NKANFOA,3RDRIDGE/ NKANFOA (A)
Central,Cape Coast,ABAKAM/ AHENEBOBOI,C P B DUAKOR
Central,Cape Coast,ABOOM WELLS,METH.PRIM.’B’ SCH.ABOOM
Central,Cape Coast,ABOOM/MASTER SAM,A M E ZION SCH.ABOOM
Central,Cape Coast,ADISADEL,MAXWELL RABB SCH.ADISADEL
Central,Cape Coast,AKYIM,ST.MICHAEL’S SCHOOL
Central,Cape Coast,AMANFUL EAST,METHODIST CHURCH AMANFUL
Central,Cape Coast,AMANFUL WEST,CATH.PRIM.SCH.AMANFUL
Central,Cape Coast,ANKAFUL,R/C CHURCH ANKAFUL (A)
Central,Cape Coast,ANOKYIN/ FAWOHODZI,TOWN HALL (A)
Central,Cape Coast,ASIKAFOAMBATEM/ ANTEM,M A PRI. SHOOL ANTEM (A)
Central,Cape Coast,BAKAANO,PHILLIP QUACOE BOYS SCHOOL
Central,Cape Coast,BLACK STAR,METH. JHS ELMINA ROAD
Central,Cape Coast,BROFOYEDUR,CATH. JHS SCH.AMANFUL
Central,Cape Coast,CHAPEL SQUARE/ VICTORIA,NEIGHBOURHOOD CENTRE
Central,Cape Coast,EDUBONKO/ AMISSANO,M A PRI. SCH. EBUBONKO (A)
Central,Cape Coast,EFUTU/ MAMPONG,M A PRI.SCH EFFUTU (A)
Central,Cape Coast,EKON ANAAFO,JHS SCH.EKON (A)
Central,Cape Coast,EKON ETSIFI,M.A.PRI.SCH.EKON (A)
Central,Cape Coast,ENYITSIWDO,BAR ITALIA
Central,Cape Coast,ESSUEKYIR,M A PRI.SCH.ESSUEKYIR (A)
Central,Cape Coast,ETSIFI/EYIFUA,AHMADIYYA PRI.SCH.ABURA (A)
Central,Cape Coast,GEGEM,TWI NDZI TWI HSE.GEGEM
Central,Cape Coast,GYEGYEANO,M D C C GYEGYEANO (A)
Central,Cape Coast,KADADWEN,KADADWEN COMMON GROUNDS
Central,Cape Coast,KAKOMDDO,M A PRI. SCH. KAKAMDO (A)
Central,Cape Coast,KAWANOPADO,PHILLIP QUAQUE GIRLS PRIM.SHOOL
Central,Cape Coast,KOFORIDUA/ NYINASIN,M A PRI. SCH. NYINASIN
Central,Cape Coast,KROO TOWN,CHRISTIAN LIFE CENTRE
Central,Cape Coast,LONDON BRIDGE,A M E ZION SCHOOL
Central,Cape Coast,MPEASEM /AMOAKOFOA,COMM.CLINIC MPEASEM VILLA (A)
Central,Cape Coast,MPEASEM/ BIRIMSO,A M E ZION SCH.MPEASEM (A)
Central,Cape Coast,NKWANTADO/ ASSIM,CATH.PRI.SCH.ABURA (A)
Central,Cape Coast,NTSIN,LEGION HALL
Central,Cape Coast,OLA LOW COST,BETHEL ASSEMBLIES OF GOD CHURCH
Central,Cape Coast,OLA MADINA,PRESBY JHS OLA
Central,Cape Coast,PEDU ABAKADZE,FORMER HARRIS SCH.COMPLEX PEDU
Central,Cape Coast,PEDU NGUABADO,M A PRI. SCH. PEDU (B)
Central,Cape Coast,TAMESEASE,PRESBY PRIM.SCH.
Central,Cape Coast,TANTRI AYIKOO AYIKOO,APOSTOLIC CHURCH ASHANTI ROAD
Central,Cape Coast,TSIBU DARKO,URBAN CLINIC ADISADEL
Central,Cape Coast,TSIMTSIMHWE KOKOTUR,METRO ASSEMBLY OFFICE
Central,Cape Coast,TUROM,MBOA KOW HALL
Central,Cape Coast,UNIVERSITY NEW SITE/KWAPROW,AUDITORIUM UCC (A)
Central,Effutu,ABASRABA NORTH-ZONGO,UEW (NAM)
Central,Effutu,ABASRABA SOUTH,ANGLICAN J.H.S ABASRABA NO 1(A)
Central,Effutu,ALATA KOKWADO,BREWS HSE ALATA KOKWADO
Central,Effutu,DOMEABRA-OTUTUASE,"SOCIAL WELFARE OFFICE, DOMEABRA"
Central,Effutu,DOMEABRA-POLICE TRAINING,POLICE TRAINING DEPOT
Central,Effutu,DONKUYANMU-OBRAWOGI,C.Y.O CENTRE CATH MISSION NO 1
Central,Effutu,DWOMBA,PRICE AME ZION CONF CENTRE HALL NO 1(A)
Central,Effutu,ESSUEKYIR,METH CHURCH ESSUEKYIR
Central,Effutu,EYIPEY,YEPEMSO MKT OLD SENYA STATION NO 1 (A)
Central,Effutu,GYAHADZE,"D/A PRIM SCHOOL, GYAHADZE"
Central,Effutu,KOJO BEDU NORTH-LOW COST,FIRE SERVICE OFF WINNEBA JUNCTION (A)
Central,Effutu,KOJO BEDU SOUTH,MUNICIPAL ASSEM PRIM A/B K/B NO1 (A)
Central,Effutu,MBURABAMU,WESLEY HALL MBURABUMU (B)
Central,Effutu,NDAAMBA,NANA GYABIN'S COMP NDAAMBA A
Central,Effutu,OSAKAM- FETTEH,"KWEKU DRUG STORE,FETTEH"
Central,Effutu,PENKYI,"OLD FLAMINGO,PENKYE NORTH"
Central,Effutu,PONKOR EKYIR,TRADITIONAL COUNCIL OFFICE A
Central,Effutu,SANKOR- DON BOSCO,DON BOSCO CATH GIRLS PRIM SCHOOL (A)
Central,Ekumfi,ABOR,"D/A PRY SCH, ABOR"
Central,Ekumfi,ADANSI,POST OFFICE ADANSI
Central,Ekumfi,"AHENBROM/ OKOKODO, NARKWA","MARKET SHED, OKOKODO, NARKWA"
Central,Ekumfi,AKOSOMBO-OTUAM,"POST OFFICE, OTUAM"
Central,Ekumfi,AKWAKROM,"D/A PRY.SCH, AKWAKROM"
Central,Ekumfi,AMISSANO,D/A PRIM SCHOOL OBIDAN
Central,Ekumfi,ARKRA,"METHODIST JHS, AKRA"
Central,Ekumfi,ASAAFA-EDUMAFA,D/A PRIM SCHOOL ASAAFA
Central,Ekumfi,ASOKWA,D/A PRIM SCHOOL ASOKWA
Central,Ekumfi,ASSAMAN/ EGYANKWAA,MARKET SHED EGYANKWAA
Central,Ekumfi,ATWA- NARKWA-ASEMASA,KODZIDAN ATWA
Central,Ekumfi,DUNKWA-TWA,TOWN MEETING PLACE DUNKWA
Central,Ekumfi,EBIRAM,"METHODIST PRY. SCH.,EBIRAM"
Central,Ekumfi,EISIBUEDU,"MARKET. SHED, SRAFA ABOANO"
Central,Ekumfi,EKOTSI,"D/A PRIM SCHOOL, EKOTSI"
Central,Ekumfi,EKRAWFO,AHMADIYYA JHS EKUMFI EKRAWFO
Central,Ekumfi,EKUMPOANO,"METHODIST CHURCH, EKUMPOANO"
Central,Ekumfi,ESSARKYIR,"INFORMATION CENTRE, ESSAKYIR"
Central,Ekumfi,ESSUEHYIA,"METHODIST CHURCH, ESSUEHYIA"
Central,Ekumfi,EYISAM,"CPB NEW POST OFFICE, EYISAM"
Central,Ekumfi,IMMUNA,CATHOLIC PRY. SCH. IMMUNA (1)
Central,Ekumfi,"KONTANKORE, OTUAM","TOWN MEETING PLACE, KONTANKORE"
Central,Ekumfi,"KWANSAKWAA-OBUOM,OTUAM","TOWN MEETING PLACE, OTUAM"
Central,Ekumfi,NANABIN,"D/A PRY SCH., NANABIN"
Central,Ekumfi,OTABENADZE,D/A PRY SCH OTABENADZE
Central,Ekumfi,SRAFA,D/A PRY. SCH. SRAFA BEACH WEST
Central,Gomoa East,ABONYI/ ABAASA/ AYANSUADZE,DA PRIM. SCH. ABAASA
Central,Gomoa East,ABOSO,"ASAFO POST, ABOSO"
Central,Gomoa East,ACHIASE,"ASAFO POST, ACHIASE"
Central,Gomoa East,AFRANSI,PENTECOST CHURCH AFRANSI
Central,Gomoa East,AKROPONG,DA PRIM. SCH. AKROPONG (A)
Central,Gomoa East,AKWAMU/ KWAME ADWER,DA PRIM. SCH. AKWAMU
Central,Gomoa East,ASEBU/ POMADZE,METH. CHURCH ASEBU (A)
Central,Gomoa East,BENSO,"METH. CHURCH, BENSO (A)"
Central,Gomoa East,BUDUATTA/ ODUMASE,DA PRIM. SCH. BUDUATTA (A)
Central,Gomoa East,BUDUBURAM,COMMUNITY CENTRE BUDUBURAM (A)
Central,Gomoa East,DAHOM/LOME,"DA PRIM. SCH, LOME"
Central,Gomoa East,DAMPASE,DA PRIM. SCH. DAMPASE (A)
Central,Gomoa East,DASUM/ AMOANDA,DA PRIM. SCH. AMOANDA
Central,Gomoa East,DOMINASE,TOWN COUNCIL OFFICE DOMINASE (A)
Central,Gomoa East,EKWAMKROM,METH. CHURCH EKWAMKROM
Central,Gomoa East,ENYAANKOR-ONYANASE,COMMUNITY YARD ONYANASE (A)
Central,Gomoa East,FETTEH,POLICE STATION FETTEH
Central,Gomoa East,GYAAMAN/ ESIKUMA,METH. PRIM. SCH. GYAAMAN
Central,Gomoa East,MANGOASE,DA JHS MANGOASE
Central,Gomoa East,MANSO,"D A PRIM SCH, MANSO"
Central,Gomoa East,NYANYANO KAKRABA,THE LORD IS MY SHEPHERD JHS NYANYANO KAKRABA (A)
Central,Gomoa East,OBUASI,DA JHS UPPER OBUASI (A)
Central,Gomoa East,OGUAKROM,DA PRIM SCH. AWOMBREW
Central,Gomoa East,OJOBI/ AKOTSI,DA PRIM. SCH. EKOTSI
Central,Gomoa East,PANFOKROM,METH PRIM SCH PANFOKROM
Central,Gomoa East,POTSIN/ OKYEREKO,OLD POST OFFICE POTSIN
Central,Gomoa East,UPPER NYANYANO,OLD POLICE STATION NYANYANO (A)
Central,Gomoa West,ABAMKWAIM/ AKYENPIM,D/A JHS ABAMKWAIM (A)
Central,Gomoa West,AJUMAKO-ANSA/ ASEMPANYI,D/A PRIM SCH ASEMPAYIN
Central,Gomoa West,AKOBIREM/ ALATA,"FMR EDUC. OFFICE, APAM (A)"
Central,Gomoa West,AKYENFO,D/A JHS ‘A’ NTAREYENKYEM (A)
Central,Gomoa West,ANKAMU,"D/A PRIM SCH, ANKAMU (A)"
Central,Gomoa West,ASAA/ BENTSIL,"METH CHURCH, KOKWADO - DAGO"
Central,Gomoa West,ASSIN/ BROFOYEDUR,"METHODIST JHS, BROFOYEDUR"
Central,Gomoa West,AYIPEY,"OLD ADB BANK, MAMPOANO-MUMFORD"
Central,Gomoa West,BROFO,"D/A PRIM SCH, BROFO"
Central,Gomoa West,DAWURAMPONG,"CATH CHURCH, DAWURAMPONG (A)"
Central,Gomoa West,DENKYIRA/ABONKO,"PRESBY PRIM SCHOOL, DENKYIRA"
Central,Gomoa West,DUNKWA,D/A PRIM SCH AKROPONG
Central,Gomoa West,ENYAME/ KUMASE,"METHODIST JHS, ENYEME"
Central,Gomoa West,ESHIEM,D/A JHS SCH ESHIEM (A)
Central,Gomoa West,ESSUERKYIR/ ABORA,"METH CHURCH, ESSUEKYIR"
Central,Gomoa West,GOMOAMAIM/ ANTSIADZE/ ODUMASE,"D/A PRIM SCH, ANTSIADZE"
Central,Gomoa West,JUKWA/ MPRUMEM,"D/A PRIM SCH, ONYADZE"
Central,Gomoa West,KANTAMTWEM,"TOWN HALL, APAM (A)"
Central,Gomoa West,KYIREN,"METHODIST PRIM SCHOOL, KYIREN"
Central,Gomoa West,MAMFAM,"ASAFO N02 POST, APAM"
Central,Gomoa West,MAMPONG/ KOKOFU,METH PRIM SCHOOL KOKOFU
Central,Gomoa West,MANKESSIM,D/A PRIM SCH MANKESSIM
Central,Gomoa West,MANKOADZE,"D/A PRIM SCH, MANKOADZE"
Central,Gomoa West,MOZANO/ AYENFUL,D/A PRIM SCH MOZANO
Central,Gomoa West,NDUAM/ WASSA/ NKRAN,D/A JHS WASSA
Central,Gomoa West,NGYERESI,D/A PRIM SCH ADAA
Central,Gomoa West,NKORANSA/ AKWAKROM,"D/A JHS, NKORANSA"
Central,Gomoa West,NKUM/ HWIDA,"ASAFO NO1 POST, NKUMDAGO"
Central,Gomoa West,NSAWAM,"POLICE HQTS, APAM"
Central,Gomoa West,OBIRI/ AMANFUL,"D/A PRIM SCH, OBIRI"
Central,Gomoa West,ODUKUM,"NEW MARKET, EDUMADUM-MUMFORD"
Central,Gomoa West,OGUAA/ODINA,METHODIST PRIM SCH OGUAA
Central,Gomoa West,OKWAHU/ DEBISO,D/A PRIM SCH DEBISO
Central,Gomoa West,PENKYE,"OLD MARKET, AKYERAMBA-MUMFORD"
Central,Gomoa West,TARKWA,CATH PRIM SCHOOL TARKWA (A)
Central,Gomoa West,TECHIMAN,D/A PRIM SCH TECHIMAN
Central,Hemang Lower Denkyira,AFIASO/NSUAEM,D/A PRIM SCH AFEASO
Central,Hemang Lower Denkyira,AMPENKRO,D/A PRIMARY SCHOOL AMPENKRO (A)
Central,Hemang Lower Denkyira,ASENSUHO/ BAAKONDIDI,D/A PRY SCH BAAKONDIDI
Central,Hemang Lower Denkyira,BREMAN/ MBEM,D/A JHS MBEM
Central,Hemang Lower Denkyira,BUKURUSU/ BETIMORE,METH PRY SCH BUKURUSO
Central,Hemang Lower Denkyira,FRAMI/ ABRAFO ODUMASE,H/C BLOCK ABRAFO (1)
Central,Hemang Lower Denkyira,GYANKOBO/ ANKAAKO,D/A PRY SCH ANKAAKO
Central,Hemang Lower Denkyira,HEMANG EAST,CATH JHS(1) HEMANG
Central,Hemang Lower Denkyira,HEMANG WEST,"METH JHS, HEMANG (1)"
Central,Hemang Lower Denkyira,JUKWA ASOKWA/ABODO/ AMANASE,"ANGLICAN, JHS JUKWA"
Central,Hemang Lower Denkyira,JUKWA MFUOM/ SUNKWA,CATH JHS MFOUM (1)
Central,Hemang Lower Denkyira,JUKWA/ ASENKYE/ DASUM/ KAYEFI,"METHODIST PRIMARY, JUKWA"
Central,Hemang Lower Denkyira,KROBO/ANHWIAM,METH PRY SCH KROBO (1)
Central,Hemang Lower Denkyira,PAASO/ NYAME BEKYERE,CATH PRY SCH PAASO
Central,Hemang Lower Denkyira,TWIAPIASE,D/A PRY SCH TWIAPIASE
Central,Hemang Lower Denkyira,WATRESO,D/A PRI SCH WATRESO
Central,Keea,ABOSO,LOCAL CENTRE NKYIRIBAKROM
Central,Keea,ABRESHIA,M/A JHS ABRESHIA ANAAFO
Central,Keea,ABURASANSA/ ANTADO,COMM CENTRE ABURANSA ANAAFO
Central,Keea,ABURUBEANO,M/A PRIM SCH ABURUBEANO ATSIFI
Central,Keea,AKOTOBINSIN,CHRUCH OF CHRIST INT. SCH
Central,Keea,AMISSANO,CATH. PRIM.SCH AMISSANO
Central,Keea,AMOTOE,CATH. CHURCH KOMENDA (A)
Central,Keea,AMPENYI,LORRY STATION OFFICE AMPENYI
Central,Keea,ANKAASE/ESSIAM,CATH. CHURCH ANKAASE EAST
Central,Keea,ANKAFUL,PRISONS CANTEEN ANKAFUL
Central,Keea,ANOMAKO,TRADITIONAL CLINICAL OFF. KOMENDA (A)
Central,Keea,AYENSUDO,AYENSUDO MARKET PLACE
Central,Keea,BAKANO,MBOAKUW HALL
Central,Keea,BANTUMA,M/A PRIM. SCH JIRA AKYINIM
Central,Keea,BERASE,TRADITIONAL COUNCIL HALL BERASE EAST
Central,Keea,BESEASE,COMM. CENTRE BESEASE
Central,Keea,BRONYIBIMA,M/A PRIM. SCH BRONYIBIMA (A)
Central,Keea,COUNCIL LANE,M/A NEW SCH. ELMINA
Central,Keea,DABIR,COMM. CENTRE BENYADZE
Central,Keea,DOMINASE,M/A PRI. SCH DOMINASE EAST
Central,Keea,DUTCH KOMENDA,COMM. CENTRE NSADWER
Central,Keea,EGUAFO/BREMAN,OLD TRAD. COUNCIL OFF. EGUAFO
Central,Keea,ESSAMAN,M/A JHS ATAABADZE (A)
Central,Keea,ITURE/NKONTRODO,UNIPETROL ECG ELMINA
Central,Keea,KISSI EAST,M/A PRIM. SCH. KISSI EAST (A)
Central,Keea,KISSI WEST,M/A PRIM. SCH. KISSI WEST (A)
Central,Keea,KOKWADO,M/A PRIM. KOKWADO
Central,Keea,LIVERPOOL,"OLD MARKET CENTRE, ELMINA"
Central,Keea,MAANA JERUSALEM,"MR. BINEYS PLACE, JERUSALEM"
Central,Keea,MARKET SQUARE,ESTIAPAH METH. ELMINA (A)
Central,Keea,NEIZERS GARDEN,GWSC OFFICES ELMINA
Central,Keea,NTRANOA,NICK HAYWOOD MEMORIAL CENTRE KUFUL
Central,Keea,SASEM/AHENFIE,FISHERMAN CENTRE KOMENDA
Central,Keea,SYBIL AWEENE,HOLLYWOOD PREP. PRIM SCH. ELMINA
Central,Keea,WORAKESE,CMB SHED WORAKESE
Central,Keea,ZONGO /LOW COST,GHASEL CLUB HOUSE
Central,Keea,ZONGO/SSNIT FLATS,DADDIES B/K SSNIT FLATS 1
Central,Mfantseamn,ABANDZE ANAAFO,"CPB MARKET SHED, ABANDZE"
Central,Mfantseamn,ABONKO-ANOKYI,METH. PRY. SCH. ABONKO
Central,Mfantseamn,"AHENBROM, MANKESSIM","POST OFFICE, MANKESSIM"
Central,Mfantseamn,AHENBROM-L/KORMANTSE,OLD METH. CHURCH KORMANTSE (1)
Central,Mfantseamn,AKATAKYIWA-EGUASE,ANGLICAN PRIM SCHOOL EGUASE
Central,Mfantseamn,AKOBIMA,M/A JHS AKOBIMA
Central,Mfantseamn,"AKUADAA-ANAAFO, SALTPOND","MARKET OFFICE, SALTPOND"
Central,Mfantseamn,AMANSONPOKUM,METH. PRY.SCH. KORMANTSE (1)
Central,Mfantseamn,"ANAAFO, MANKESSIM",CATH. PRY. SCH. MANKESSIM(A)
Central,Mfantseamn,ANKAFUL(ANKAFUL-ABONKO),METHODIST CHURCH ANKAFUL
Central,Mfantseamn,AWIANO-FARE,"WESTERN FORE COURT CASTLE, ANOMABO"
Central,Mfantseamn,BAIFIKROM,M/A PRY. SCH. BAIFIKROM(A)
Central,Mfantseamn,BIRIWA-SAMANADZE,METH. JHS BIRIWA
Central,Mfantseamn,DOMENASE,"ZION CHURCH,ABEAZI DOMENASE"
Central,Mfantseamn,EDUMADZE,"M/A JHS, EDUMADZE,MANKESSIM(2)"
Central,Mfantseamn,EGYAA,M/A JHS EGYAA NO.2
Central,Mfantseamn,EKURABADZE,CATHOLIC PRIM SCH. EKURABADZE
Central,Mfantseamn,"ETSIFI PRABIW,SALTPOND","HAMMOND HALL, SALTPOND(1)"
Central,Mfantseamn,ETSIFI-AHENBROM-ABANDZE,METH. PRY. “A” ABANDZE
Central,Mfantseamn,ETSIWA,"POST OFFICE, ANOMABO"
Central,Mfantseamn,HASOWODZE-UPPER KORMANTSE,M/A JHS HASOWODZE
Central,Mfantseamn,KOBINA ANSAH,M/A PRIM SCHOOL KOBINA ANSAH
Central,Mfantseamn,KROFU-NKWANTA,CATHOLIC PRIM NKWANTA
Central,Mfantseamn,KROKESIM-OKOKODO,METH. PRY. SCH. ANOMABO
Central,Mfantseamn,"KURANKYEKROM-EGUABADO, SALTPOND",ANGLICAN PRY.SCH. SALTPOND
Central,Mfantseamn,KYEAKOR,M/A PRY. SCH. KYEAKOR
Central,Mfantseamn,"LOWER TOWN, SALTPOND","OLD DISTRICT COUNCIL OFFICE, SALTPOND"
Central,Mfantseamn,"NEW NKUSUKUM, MANKESSIM",ANGLICAN JHS MANKESSIM
Central,Mfantseamn,NKUBEM-SALTPOND,AHAMADIYA. PRY. SCH. SALTPOND
Central,Mfantseamn,"NKUSUKUM,MANKESIM","METH. CHURCH, MANKESSIM"
Central,Mfantseamn,NSANFU,METHODIST PRIM SCHOOL NSANFUKUMA
Central,Mfantseamn,TAABOSOM,M/A PRIM DUADZE
Central,Mfantseamn,TAYIDO,"M/A J.H.S, MAMPONG"
Central,Mfantseamn,TUNTUNMINIM,"PENTECOST CHURCH, ANOMABO"
Central,Mfantseamn,"TWAFO-AKYINIM, MANKESSIM","OLD METH. CHURCH, MANKESSIM"
Central,Mfantseamn,YAMORANSA,"CATH. PRY. SCH., YAMORANSA"
Central,Twifo Atti Morkwa,AGONA,METH PRY SCH AGONA
Central,Twifo Atti Morkwa,AKWEIKROM/MILE 34,SCMB SHED MILE 34
Central,Twifo Atti Morkwa,ASENSUHO - AGAVE,D/A PRY SCH DENYASE
Central,Twifo Atti Morkwa,AYAASE BEPOBEN,AME ZION PRY SCH AYAASE
Central,Twifo Atti Morkwa,BIMPONG EGYA,D/A PRY SCH BIMPONG EGYA A
Central,Twifo Atti Morkwa,BIMPONSO/ NKWANTWIMASO,D/A PRY SCH BIMPONGSO
Central,Twifo Atti Morkwa,DARMANG KOJOKROM,D/A PRY SCH DARMANG
Central,Twifo Atti Morkwa,DJATOKROM/KROBO NO2,D/A PRY SCH MIREKUKROM
Central,Twifo Atti Morkwa,EDUABENG- KWANYAKO,D/A PRY SCH EDUABENG A
Central,Twifo Atti Morkwa,EDUGYAA,AME ZION PRY SCH EDUGYAA
Central,Twifo Atti Morkwa,ESIKAFO AMBANTEM,MODEL SCH T/PRASO A
Central,Twifo Atti Morkwa,KAYIREKU/ASHIRE,AME ZION SCH KAYIREKU
Central,Twifo Atti Morkwa,KOTOKYI/KYIREKUM,D/A JHS KYIRENKUM
Central,Twifo Atti Morkwa,MAMPOMA/ABOABO,CATH PRY SCH MAMPOMA (1)
Central,Twifo Atti Morkwa,MAMPONG EAST,D/A KG SCH MAMPONG A
Central,Twifo Atti Morkwa,MAMPONG WEST(MAMPONG),STATE HALL MANPONG (1) A
Central,Twifo Atti Morkwa,MINTASO/ADADEKOFI,D/A PRY SCH MINTASO
Central,Twifo Atti Morkwa,MORKWAA/SEBENSO,SCMB SHED MORKWAA A
Central,Twifo Atti Morkwa,MOSEASO/SOMNYAMEKODRU,CATH PRY SCH MOSEASO
Central,Twifo Atti Morkwa,NTAFREWASO/TOPP,D/A PRY SCH NTAFREWASO A
Central,Twifo Atti Morkwa,NTIAMOAKROM,D/A PRY SCH NO 9 VILLAGE
Central,Twifo Atti Morkwa,NUAMAKROM/ AFOSUA,PRESBY PRY NUAMAKROM (2)
Central,Twifo Atti Morkwa,NYINASE TOWN,CATH. PRY SCH NYENASE
Central,Twifo Atti Morkwa,PRASO OLD TOWN,D/A A&D JHS T/ PRASO A
Central,Twifo Atti Morkwa,SUBRISO/OSENEAGYA,D/A PRY OSENEAGYA
Central,Twifo Atti Morkwa,TWIFO PRASO NO1 VILLAGE,D/A PRY SCH PRASO NO 1 VILLAGE
Central,Twifo Atti Morkwa,WAMASO EAST,CATH PRY SCH WAMASO
Central,Twifo Atti Morkwa,WAMASO WEST,CATH JHS WAMASO
Central,Upper Denkyira East,ACCRA TOWN,OFFIN RIVER SOC. CENTER
Central,Upper Denkyira East,AGGREY ROAD,ANG PRIM SCH DUNKWA
Central,Upper Denkyira East,AKROPONG ADWUMAM,METH PRIM AKROPONG
Central,Upper Denkyira East,AKYAMPIM/BUABINSO,CATH JHS BUABINSO
Central,Upper Denkyira East,AMISSAH/MPESIEM,M/A PRIM SCH MPESIEM
Central,Upper Denkyira East,ASIKUMA,CATH PRIM SCH ASIKUMA
Central,Upper Denkyira East,ATECHEM,M/A PRIM SCH ATECHEM
Central,Upper Denkyira East,BABIANIHA,M/A PRIM SCH BABIANIHA
Central,Upper Denkyira East,BADOA AMOAFO,M/A PRIM SCH BADOA
Central,Upper Denkyira East,BUABIN,CATH JHS BUABIN
Central,Upper Denkyira East,CANARY,COOPERATIVE BANK NEAR CANARY
Central,Upper Denkyira East,COMPOUND,RECREATIONAL CENTER DUNKWA
Central,Upper Denkyira East,DODGE CITY,CATH GIRLS JHS DUNKWA
Central,Upper Denkyira East,FOSU ASMAH CAMP,METH PRIM SCH FOSU
Central,Upper Denkyira East,IMBRAIM,M/A PRIM SCH IMBRAIM
Central,Upper Denkyira East,KADADWEN,ANG JHS DUNKWA ''A''
Central,Upper Denkyira East,KWEKUDUM/KRAMOKROM,M/A PRIM KRAMOKROM
Central,Upper Denkyira East,KYEKYEWERE EAST,CATH CHURCH KYEKYEWERE
Central,Upper Denkyira East,KYEKYEWERE WEST,CLINIC KYEKYEWERE (A)
Central,Upper Denkyira East,MBRADAN,M/A PRIM SCH MBRADAN
Central,Upper Denkyira East,MFUOM,METH PRIM SCH NEW BLOCK MFUOM
Central,Upper Denkyira East,OPOKOKROM/MAATODEA,M/A PRIM SCH OPOKUKROM
Central,Upper Denkyira East,OPPONSO/ NZEMA,CATH PRIM SCH NZEMA KYEBI
Central,Upper Denkyira East,OPPONSOKESE,CATH PRIM SCH OPPONSO WEST
Central,Upper Denkyira East,OTSIN-CRESCENT,METH PRIM SCH DUNKWA
Central,Upper Denkyira East,PRAPRPABABIDA/NTOMTOM,COCOA SHED PRAPRABABIDA
Central,Upper Denkyira East,RESIDENTIAL AREA/AHENFIE,TEMP. BOOTH DUNKWA
Central,Upper Denkyira East,ZION,M/A PRIM SCH ZION CAMP
Central,Upper Denkyira East,ZONGO,HUASA MEETING HALL DUNKWA
Central,Upper Denkyra West,ABORA,D/A PRIM SCH ABORA
Central,Upper Denkyra West,AGONA PORT,D/A PRIM SCH AGONA PORT
Central,Upper Denkyra West,AMOAMAN/PEWODIE,D A PRIM SCH AMOAMAN
Central,Upper Denkyra West,ANWIAWIA/BESEASE,D/A PRIM SCH BESEASE
Central,Upper Denkyra West,AYANFURI,ZONGO AYANFURI MOSQUE NO (1) (A)
Central,Upper Denkyra West,BETHLEHEM,D/A PRIM SCH NKRONUA
Central,Upper Denkyra West,BROFOYEDRU/BREMAN,ANG JHS BROFOYEDRU
Central,Upper Denkyra West,DENKYIRA OBUASI EAST,D/A PRIM SCH DENKYIRA OBUASI
Central,Upper Denkyra West,DIASO,HEALTH CENTRE KROFOFROM
Central,Upper Denkyra West,DOMINASE,METH PRIM SCH DOMINASE WEST
Central,Upper Denkyra West,JAMESO NKWANTA,D/A J H S JAMES NKWANTA
Central,Upper Denkyra West,MAUDASO,D/A JHS MAUDASO
Central,Upper Denkyra West,NKOTIMSO/NKASWURA,R/C CHURCH NKOTIMSO
Central,Upper Denkyra West,NTOM,D/ A PRIM SCHOOL NTOM
Central,Upper Denkyra West,NYINAWUSU/AWEASU,D/A PRIM SCH NYINAWUSU
Central,Upper Denkyra West,SUBIN,ANGLICAN J H S AFIEFISO
